regular,parallel
37.475357627868654,34.04010157585144